/*Run this scrip in every single bath as you see*/

INSERT INTO CUSTOMER VALUES('000001','DN','Minh','1','2019-10-29 00:00:00.000','Truong','0987654321')
INSERT INTO CUSTOMER VALUES('000002','DN','Hai','1','2019-10-29 00:00:00.000','Nguyen','0987654321')
INSERT INTO CUSTOMER VALUES('000003','DN','Bao','1','2019-10-29 00:00:00.000','Tran','0987654351')
INSERT INTO CUSTOMER VALUES('000004','DN','Qui','1','2019-10-29 00:00:00.000','Phan','0987654341')
INSERT INTO CUSTOMER VALUES('000005','DN','Dat','1','2019-10-29 00:00:00.000','Nguyen','0987654321')
INSERT INTO CUSTOMER VALUES('000006','DN','Lam','1','2019-10-29 00:00:00.000','Huynh','0987654331')
INSERT INTO CUSTOMER VALUES('000007','DN','Phong','1','2019-10-29 00:00:00.000','Tran','0987654322')

/*
Run createTitle() in Test Class before going on
*/
select * from item
INSERT INTO ITEM VALUES('000001','2019-10-29 00:00:00.000','2019-10-29 00:00:00.000','RENTED','000001')
INSERT INTO ITEM VALUES('000002','2019-10-29 00:00:00.000','2019-10-29 00:00:00.000','RENTED','000001')
INSERT INTO ITEM VALUES('000003','2019-10-29 00:00:00.000','2019-10-29 00:00:00.000','RENTED','000001')
INSERT INTO ITEM VALUES('000004','2019-10-29 00:00:00.000','2019-10-29 00:00:00.000','RENTED','000002')
INSERT INTO ITEM VALUES('000005','2019-10-29 00:00:00.000','2019-10-29 00:00:00.000','RENTED','000002')
INSERT INTO ITEM VALUES('000006','2019-10-29 00:00:00.000','2019-10-29 00:00:00.000','RENTED','000002')
INSERT INTO ITEM VALUES('000007','2019-10-29 00:00:00.000','2019-10-29 00:00:00.000','RENTED','000003')

INSERT INTO ITEM VALUES('000008','2019-10-29 00:00:00.000','2019-10-29 00:00:00.000','RENTED','000003')
INSERT INTO ITEM VALUES('000009','2019-10-29 00:00:00.000','2019-10-29 00:00:00.000','RENTED','000003')
INSERT INTO ITEM VALUES('000010','2019-10-29 00:00:00.000','2019-10-29 00:00:00.000','RENTED','000004')
INSERT INTO ITEM VALUES('000011','2019-10-29 00:00:00.000','2019-10-29 00:00:00.000','RENTED','000004')
INSERT INTO ITEM VALUES('000012','2019-10-29 00:00:00.000','2019-10-29 00:00:00.000','RENTED','000004')
INSERT INTO ITEM VALUES('000013','2019-10-29 00:00:00.000','2019-10-29 00:00:00.000','RENTED','000005')
INSERT INTO ITEM VALUES('000014','2019-10-29 00:00:00.000','2019-10-29 00:00:00.000','RENTED','000005')

INSERT INTO ITEM VALUES('000015','2019-10-29 00:00:00.000','2019-10-29 00:00:00.000','RENTED','000005')
INSERT INTO ITEM VALUES('000016','2019-10-29 00:00:00.000','2019-10-29 00:00:00.000','RENTED','000006')
INSERT INTO ITEM VALUES('000017','2019-10-29 00:00:00.000','2019-10-29 00:00:00.000','ON_SHELF','000006')
INSERT INTO ITEM VALUES('000018','2019-10-29 00:00:00.000','2019-10-29 00:00:00.000','ON_SHELF','000006')
INSERT INTO ITEM VALUES('000019','2019-10-29 00:00:00.000','2019-10-29 00:00:00.000','ON_SHELF','000007')
INSERT INTO ITEM VALUES('000020','2019-10-29 00:00:00.000','2019-10-29 00:00:00.000','ON_SHELF','000007')
INSERT INTO ITEM VALUES('000021','2019-10-29 00:00:00.000','2019-10-29 00:00:00.000','ON_SHELF','000007')
INSERT INTO ITEM VALUES('000022','2019-10-29 00:00:00.000','2019-10-29 00:00:00.000','ON_SHELF','000008')
INSERT INTO ITEM VALUES('000023','2019-10-29 00:00:00.000','2019-10-29 00:00:00.000','ON_SHELF','000008')
INSERT INTO ITEM VALUES('000024','2019-10-29 00:00:00.000','2019-10-29 00:00:00.000','ON_SHELF','000008')

INSERT INTO ITEM VALUES('000025','2019-10-29 00:00:00.000','2019-10-29 00:00:00.000','ON_SHELF','000009')
INSERT INTO ITEM VALUES('000026','2019-10-29 00:00:00.000','2019-10-29 00:00:00.000','ON_SHELF','000009')
INSERT INTO ITEM VALUES('000027','2019-10-29 00:00:00.000','2019-10-29 00:00:00.000','ON_SHELF','000009')
INSERT INTO ITEM VALUES('000028','2019-10-29 00:00:00.000','2019-10-29 00:00:00.000','ON_SHELF','000010')
INSERT INTO ITEM VALUES('000029','2019-10-29 00:00:00.000','2019-10-29 00:00:00.000','ON_SHELF','000010')
INSERT INTO ITEM VALUES('000030','2019-10-29 00:00:00.000','2019-10-29 00:00:00.000','ON_SHELF','000010')

INSERT INTO RENTAL VALUES('000001','2019-11-05 00:00:00.000','000001')
INSERT INTO RENTAL VALUES('000002','2019-11-06 00:00:00.000','000002')
INSERT INTO RENTAL VALUES('000003','2019-11-07 00:00:00.000','000003')
INSERT INTO RENTAL VALUES('000004','2019-11-08 00:00:00.000','000004')
INSERT INTO RENTAL VALUES('000005','2019-11-09 00:00:00.000','000005')
INSERT INTO RENTAL VALUES('000006','2019-11-10 00:00:00.000','000006')
INSERT INTO RENTAL VALUES('000007','2019-11-11 00:00:00.000','000007')
INSERT INTO RENTAL VALUES('000008','2019-11-12 00:00:00.000','000007')

INSERT INTO RentalDetail VALUES('000001','000001','3','1','3')
INSERT INTO RentalDetail VALUES('000002','000001','3','1','3')
INSERT INTO RentalDetail VALUES('000003','000002','3','1','3')
INSERT INTO RentalDetail VALUES('000004','000002','3','1','3')
INSERT INTO RentalDetail VALUES('000005','000003','3','1','3')
INSERT INTO RentalDetail VALUES('000006','000003','3','1','3')
INSERT INTO RentalDetail VALUES('000007','000004','3','1','3')
INSERT INTO RentalDetail VALUES('000008','000004','3','1','3')
INSERT INTO RentalDetail VALUES('000009','000005','3','1','3')
INSERT INTO RentalDetail VALUES('000010','000005','3','1','3')
INSERT INTO RentalDetail VALUES('000011','000005','3','1','3')
INSERT INTO RentalDetail VALUES('000012','000006','3','1','3')
INSERT INTO RentalDetail VALUES('000013','000007','3','1','3')
INSERT INTO RentalDetail VALUES('000014','000008','3','1','3')
INSERT INTO RentalDetail VALUES('000015','000008','3','1','3')
INSERT INTO RentalDetail VALUES('000016','000008','3','1','3')











