/*Run this scrip in every single bath as you see*/

INSERT INTO CUSTOMER VALUES('000001','DN','Minh','1','2019-10-29 00:00:00.000','Truong','0987654321')
INSERT INTO CUSTOMER VALUES('000002','DN','Hai','1','2019-10-29 00:00:00.000','Nguyen','0987654321')
INSERT INTO CUSTOMER VALUES('000003','DN','Bao','1','2019-10-29 00:00:00.000','Tran','0987654351')
INSERT INTO CUSTOMER VALUES('000004','DN','Qui','1','2019-10-29 00:00:00.000','Phan','0987654341')
INSERT INTO CUSTOMER VALUES('000005','DN','Dat','1','2019-10-29 00:00:00.000','Nguyen','0987654321')
INSERT INTO CUSTOMER VALUES('000006','DN','Lam','1','2019-10-29 00:00:00.000','Huynh','0987654331')
INSERT INTO CUSTOMER VALUES('000007','DN','Phong','1','2019-10-29 00:00:00.000','Tran','0987654322')

INSERT INTO RATE VALUES('000001','Movie','1.5','1','3')
INSERT INTO RATE VALUES('000002','Video Game','1.5','2','2.5')
/*
Run createTitle() in Test Class before going on
*/

INSERT INTO ITEM VALUES('000001','RENTED','000001','000001')
INSERT INTO ITEM VALUES('000002','RENTED','000001','000001')
INSERT INTO ITEM VALUES('000003','RENTED','000001','000001')
INSERT INTO ITEM VALUES('000004','RENTED','000001','000001')
INSERT INTO ITEM VALUES('000005','RENTED','000001','000001')
INSERT INTO ITEM VALUES('000006','RENTED','000001','000001')
INSERT INTO ITEM VALUES('000007','RENTED','000001','000001')

INSERT INTO ITEM VALUES('000008','RENTED','000001','000002')
INSERT INTO ITEM VALUES('000009','RENTED','000001','000002')
INSERT INTO ITEM VALUES('000010','RENTED','000001','000002')
INSERT INTO ITEM VALUES('000011','RENTED','000001','000002')
INSERT INTO ITEM VALUES('000012','RENTED','000001','000002')
INSERT INTO ITEM VALUES('000013','RENTED','000001','000002')
INSERT INTO ITEM VALUES('000014','RENTED','000001','000002')

INSERT INTO ITEM VALUES('000015','RENTED','000001','000003')
INSERT INTO ITEM VALUES('000016','RENTED','000001','000003')
INSERT INTO ITEM VALUES('000017','ON_SHELF','000001','000003')
INSERT INTO ITEM VALUES('000018','ON_SHELF','000001','000003')
INSERT INTO ITEM VALUES('000019','ON_SHELF','000001','000003')
INSERT INTO ITEM VALUES('000020','ON_SHELF','000001','000003')
INSERT INTO ITEM VALUES('000021','ON_SHELF','000001','000003')
/*Title has kind of game and movie*/
INSERT INTO ITEM VALUES('000022','ON_SHELF','000002','000009')
INSERT INTO ITEM VALUES('000023','ON_SHELF','000002','000009')
INSERT INTO ITEM VALUES('000024','ON_SHELF','000002','000009')

INSERT INTO RENTAL VALUES('000001','2019-10-10 00:00:00.000','000001')
INSERT INTO RENTAL VALUES('000002','2019-10-20 00:00:00.000','000001')
INSERT INTO RENTAL VALUES('000003','2019-10-21 00:00:00.000','000001')
INSERT INTO RENTAL VALUES('000004','2019-10-22 00:00:00.000','000001')
INSERT INTO RENTAL VALUES('000005','2019-10-23 00:00:00.000','000001')
INSERT INTO RENTAL VALUES('000006','2019-10-24 00:00:00.000','000001')
INSERT INTO RENTAL VALUES('000007','2019-10-25 00:00:00.000','000001')
INSERT INTO RENTAL VALUES('000008','2019-10-26 00:00:00.000','000001')

INSERT INTO RentalDetail VALUES('000001','000001','3','1','3')
INSERT INTO RentalDetail VALUES('000002','000001','3','1','3')
INSERT INTO RentalDetail VALUES('000003','000002','3','1','3')
INSERT INTO RentalDetail VALUES('000004','000002','3','1','3')
INSERT INTO RentalDetail VALUES('000005','000003','3','1','3')
INSERT INTO RentalDetail VALUES('000006','000003','3','1','3')
INSERT INTO RentalDetail VALUES('000007','000004','3','1','3')
INSERT INTO RentalDetail VALUES('000008','000004','3','1','3')
INSERT INTO RentalDetail VALUES('000009','000005','3','1','3')
INSERT INTO RentalDetail VALUES('000010','000005','3','1','3')
INSERT INTO RentalDetail VALUES('000011','000005','3','1','3')
INSERT INTO RentalDetail VALUES('000012','000006','3','1','3')
INSERT INTO RentalDetail VALUES('000013','000007','3','1','3')
INSERT INTO RentalDetail VALUES('000014','000008','3','1','3')
INSERT INTO RentalDetail VALUES('000015','000008','3','1','3')
INSERT INTO RentalDetail VALUES('000016','000008','3','1','3')










